{
  "Caka": 0.0,
  "Cakna": 0.5623351446188083,
  "Cakta": 0.37677016125643675,
  "Jalpa": 0.0,
  "Jalpna": 1.4740568252732047,
  "Jalpta": 1.2493432310675612,
  "Jikna": 0.48257756517701206,
  "Jikta": 0.37677016125643675,
  "Jikv": 0.0,
  "Topa": 0.0,
  "Topna": 0.5623351446188083,
  "Topta": 0.37677016125643675,
  "alka": 0.2337916587064593,
  "alkna": 1.0397207708399179,
  "alkta": 0.8608513906312316,
  "caka": 0.0,
  "cakna": 0.6365141682948128,
  "cakta": 0.5004024235381879,
  "cikna": 0.48257756517701206,
  "cikta": 0.37677016125643675,
  "cikv": 0.0,
  "cilkna": 1.18030455699462,
  "cilkta": 1.331660286822432,
  "cilkv": 0.39267446722755217,
  "cipna": 0.48257756517701206,
  "cipta": 0.37677016125643675,
  "cipv": 0.0,
  "cvkna": 0.6210863745552451,
  "cvkta": 0.48257756517701206,
  "cvkv": 0.0,
  "cvpna": 0.6615632381579821,
  "cvpta": 0.2337916587064593,
  "cvpv": 0.0,
  "dvlpna": 1.18030455699462,
  "dvlpta": 1.3917397695183338,
  "dvlpv": 0.0,
  "halTa": 0.0,
  "halTna": 0.857174043642079,
  "halTta": 0.0,
  "hulTna": 1.0337005498525014,
  "hulTta": 0.7963116401738131,
  "hulTv": 0.24493002679463532,
  "ikna": 0.37677016125643675,
  "ikta": 0.48257756517701206,
  "ikv": 0.0,
  "ilkna": 0.9180459180656309,
  "ilkta": 1.3208883431493221,
  "ilkv": 0.0,
  "ipna": 0.6210863745552451,
  "ipta": 0.5623351446188083,
  "ipv": 0.0,
  "kalka": 0.0,
  "kalkna": 1.3686896376228386,
  "kalkta": 1.157373298222901,
  "kjvlpna": 1.511086176073611,
  "kjvlpta": 1.1626998334975678,
  "kjvlpv": 0.24493002679463532,
  "kulkna": 1.2820462400528452,
  "kulkta": 1.18030455699462,
  "kulkv": 0.0,
  "kvPna": 0.48257756517701206,
  "kvPta": 0.2337916587064593,
  "kvPv": 0.0,
  "kvpna": 0.5623351446188083,
  "kvpta": 0.48257756517701206,
  "kvpv": 0.0,
  "kxlPna": 1.5124035237566442,
  "kxlPta": 1.1699929969668565,
  "kxlPv": 0.2337916587064593,
  "kxlkna": 1.18030455699462,
  "kxlkta": 1.3917397695183338,
  "kxlkv": 0.0,
  "maka": 0.0,
  "makna": 0.37677016125643675,
  "makta": 0.48257756517701206,
  "malka": 0.0,
  "malkna": 1.2820462400528452,
  "malkta": 1.331660286822432,
  "mukna": 0.48257756517701206,
  "mukta": 0.48257756517701206,
  "mukv": 0.0,
  "mulkna": 0.9470571522825082,
  "mulkta": 1.2123138802671547,
  "mulkv": 0.0,
  "mvlkna": 1.1626998334975678,
  "mvlkta": 1.1432752061942137,
  "mvlkv": 0.0,
  "nalka": 0.0,
  "nalkna": 1.1626998334975678,
  "nalkta": 1.2130075659799042,
  "nalpa": 0.0,
  "nalpna": 1.3050963719483404,
  "nalpta": 1.103432909638192,
  "neTna": 0.5004024235381879,
  "neTta": 0.5402041423888608,
  "neTv": 0.0,
  "nukna": 0.6210863745552451,
  "nukta": 0.5623351446188083,
  "nukv": 0.0,
  "nvlpna": 1.6843729712135973,
  "nvlpta": 1.0337005498525014,
  "nvlpv": 0.0,
  "nxlkna": 1.18030455699462,
  "nxlkta": 1.3334730391185028,
  "nxlkv": 0.0,
  "p*opa": 0.0,
  "p*opna": 0.6210863745552451,
  "p*opta": 0.48257756517701206,
  "paka": 0.0,
  "pakna": 0.48257756517701206,
  "pakta": 0.48257756517701206,
  "palka": 0.0,
  "palkna": 1.2227793161934692,
  "palkta": 1.234244945579329,
  "palpa": 0.0,
  "palpna": 1.4898487964741864,
  "palpta": 1.3050963719483404,
  "peTna": 0.48257756517701206,
  "peTta": 0.39267446722755217,
  "peTv": 0.0,
  "pulTna": 1.4226300262075475,
  "pulTta": 0.9507489270509151,
  "pulTv": 0.7298712099831165,
  "pulkna": 1.3547104187179273,
  "pulkta": 1.4201164366884957,
  "pulkv": 0.0,
  "s*ipna": 0.5623351446188083,
  "s*ipta": 0.37677016125643675,
  "s*ipv": 0.0,
  "s*vkna": 0.48257756517701206,
  "s*vkta": 0.5623351446188083,
  "s*vkv": 0.0,
  "sikna": 0.5623351446188083,
  "sikta": 0.2337916587064593,
  "sikv": 0.0,
  "soka": 0.0,
  "sokna": 0.6210863745552451,
  "sokta": 0.37677016125643675,
  "sulkna": 1.3050963719483404,
  "sulkta": 1.234244945579329,
  "sulkv": 0.24493002679463532,
  "toka": 0.0,
  "tokna": 0.48257756517701206,
  "tokta": 0.48257756517701206,
  "tupna": 0.48257756517701206,
  "tupta": 0.37677016125643675,
  "tupv": 0.0,
  "tvlpna": 1.64622455382987,
  "tvlpta": 1.0337005498525014,
  "tvlpv": 0.2337916587064593,
  "txlkna": 1.2820462400528452,
  "txlkta": 1.4075317407193153,
  "txlkv": 0.0,
  "upna": 0.6210863745552451,
  "upta": 0.48257756517701206,
  "upv": 0.0,
  "vPna": 0.5623351446188083,
  "vPta": 0.48257756517701206,
  "vPv": 0.0,
  "vlkna": 1.0433534269422904,
  "vlkta": 1.3953970923267898,
  "vlkv": 0.0,
  "vpna": 0.6615632381579821,
  "vpta": 0.37677016125643675,
  "vpv": 0.0,
  "xlPna": 1.461472129304024,
  "xlPta": 1.0042424730540764,
  "xlPv": 0.0,
  "yaTa": 0.0,
  "yaTna": 0.48257756517701206,
  "yaTta": 0.2711893730418441,
  "yalpa": 0.0,
  "yalpna": 1.4740568252732047,
  "yalpta": 1.42876912031874,
  "yvTna": 0.48257756517701206,
  "yvTta": 0.24493002679463532,
  "yvTv": 0.0,
  "yvlpna": 1.474056825273205,
  "yvlpta": 1.424442778503618,
  "yvlpv": 0.24493002679463532,
  "stats": {
    "sd": 0.5190550919015424,
    "mean": 0.5840214732017125,
    "min": 0.0,
    "max": 1.6843729712135973
  }
}